N,bias(N*),sd(N*),p(V),p(V*|V),p(E*|E),p(L|V*E*),p(E|!V),RR,R*/R,R*
11000000,0,0,0.75,0.9,0.9,0.95,0.0014,1,0.9797421731123388,0.2449355432780847
11000000,0,0,0.75,0.9,0.9,0.95,0.0014,0.25,0.9797421731123388,0.2449355432780847
11000000,0,0,0.75,0.9,0.9,0.9,0.0014,1,0.9230769230769232,0.2307692307692308
11000000,0,0,0.75,0.9,0.9,0.9,0.0014,0.25,0.9230769230769232,0.2307692307692308
11000000,0,0,0.75,0.9,0.9,0.7,0.0014,1,0.7025089605734766,0.17562724014336914
11000000,0,0,0.75,0.9,0.9,0.7,0.0014,0.25,0.7025089605734766,0.17562724014336914
